<?xml version="1.0" encoding="UTF-8"?>
<!DOCTYPE ep-ocr-patent-document PUBLIC "-//EPO//ep-ocr-patent-document-v1-0//EN" "ep-ocr-patent-document-v1-0.dtd">

<!-- EPO <DP n="1"> --><ep-ocr-patent-document country="EP" id="AN_16150002" lang="EN">
<claims id="claims01" lang="en">
<claim id="c-en-0001" num="0001"><claim-text>1. A communication system comprising:<claim-text>- a server arrangement;</claim-text><claim-text>- a plurality of mobile base stations coupled in communication with the server arrangement; and</claim-text><claim-text>- a plurality of mobile stations, wherein a given mobile station from amongst the plurality of mobile stations is capable of communicating with two or more of the plurality of mobile base stations using radio communications, and<br/>further wherein the server arrangement is operable to select, from amongst the two or more of the plurality of mobile base stations, a mobile base station to be used to route data to and/or from the given mobile station.</claim-text></claim-text></claim>
<claim id="c-en-0002" num="0002"><claim-text>2. The communication system of claim 1, wherein the server arrangement is operable to carry out at least one of<claim-text>- determining a connection channel to be used for communication with the selected mobile base station,</claim-text><claim-text>- determining a transmission power to be used for communication with the selected mobile base station,</claim-text><claim-text>- creating a communication map comprising a list of mobile stations and/or mobile base stations that are reachable from a given mobile station and/or mobile base station, and using the communication map when selecting the mobile base station to be used to route data.</claim-text></claim-text></claim>
<claim id="c-en-0003" num="0003"><claim-text>3. The communication system of any of the preceding claims, wherein the server arrangement is operable to select the mobile base station to be used, based on at least one of:<claim-text>(i) a communication latency;</claim-text><claim-text>(ii) an amount of data to be transferred;</claim-text><claim-text>(iii) an estimated length of a communication session required for communication;</claim-text><claim-text>(iv) predicted radio propagation properties on available connection channels;</claim-text>
<!-- EPO <DP n="2"> -->
<claim-text>(v) an available quality of service;</claim-text><claim-text>(vi) a connection price;</claim-text><claim-text>(vii) a current network load.</claim-text></claim-text></claim>
<claim id="c-en-0004" num="0004"><claim-text>4. The communication system of any of the preceding claims, wherein each mobile station and/or mobile base station is operable to:<claim-text>- receive one or more capability announcement messages from one or more other mobile stations and/or mobile base stations, wherein a given capability announcement message comprises an identifier of a given mobile station and/or mobile base station that transmitted the given capability announcement message, and a network-access status of the given mobile station and/or mobile base station, and optionally one or more of: a geographical location of the given mobile station and/or mobile base station, a time of transmission of the given capability announcement message, a connection price;</claim-text><claim-text>- analyze the one or more capability announcement messages to gather analyzed communication-capability information indicative of the one or more other mobile stations and/or mobile base stations that are available for communication and respective communication capabilities of the one or more other mobile stations and/or mobile base stations;</claim-text><claim-text>- update a station map, maintained locally, with the communication-capability information; and</claim-text><claim-text>- transmit the station map to the server arrangement.</claim-text></claim-text></claim>
<claim id="c-en-0005" num="0005"><claim-text>5. The communication system of any of the preceding claims, wherein the given mobile station is operable to use its station map to select a mobile base station for relaying a network-connectivity request to the server arrangement.</claim-text></claim>
<claim id="c-en-0006" num="0006"><claim-text>6. The communication system of claim 4 or 5, wherein the analyzed communication-capability information comprises one or more of: an available bitrate, one or more connection channels preferred for communication by the given mobile station and/or mobile base station, a signal quality per connection channel, a propagation mode per connection channel, an available quality of service per connection channel.</claim-text></claim>
<!-- EPO <DP n="3"> -->
<claim id="c-en-0007" num="0007"><claim-text>7. The communication system of any of the preceding claims, wherein the radio communications are facilitated via high frequency radio signals.</claim-text></claim>
<claim id="c-en-0008" num="0008"><claim-text>8. The communication system of any of the preceding claims, wherein the server arrangement comprises one or more email and/or instant message servers for buffering emails and/or instant messages to be delivered to the plurality of mobile stations.</claim-text></claim>
<claim id="c-en-0009" num="0009"><claim-text>9. A server arrangement for controlling communications in a radio-based ad hoc network, the radio-based ad hoc network comprising a plurality of mobile base stations and a plurality of mobile stations, the plurality of mobile base stations being coupled in communication with the server arrangement, and wherein a given mobile station from amongst the plurality of mobile stations is capable of communicating with two or more of the plurality of mobile base stations using radio communications, wherein the server arrangement is operable to select, from amongst the two or more of the plurality of mobile base stations, a mobile base station to be used to route data to and/or from the given mobile station.</claim-text></claim>
<claim id="c-en-0010" num="0010"><claim-text>10. The server arrangement of claim 9, wherein the server arrangement is operable to carry out at least one of<claim-text>- determining a connection channel and/or a transmission power to be used for communication with the selected mobile base station,</claim-text><claim-text>- creating a communication map comprising a list of mobile stations and/or mobile base stations that are reachable from a given mobile station and/or mobile base station, and is operable to use the communication map when selecting the mobile base station to be used to route data,</claim-text><claim-text>- selecting the mobile base station to be used, based on at least one of:<claim-text>(i) a communication latency;</claim-text><claim-text>(ii) an amount of data to be transferred;</claim-text><claim-text>(iii) an estimated length of a communication session required for communication;</claim-text><claim-text>(iv) predicted radio propagation properties on available connection channels;</claim-text><claim-text>(v) an available quality of service;</claim-text><claim-text>(vi) a connection price;</claim-text><claim-text>(vii) a current network load in the radio-based ad hoc network.</claim-text></claim-text></claim-text></claim>
<!-- EPO <DP n="4"> -->
<claim id="c-en-0011" num="0011"><claim-text>11. The server arrangement of claim 9 or 10, wherein the server arrangement comprises one or more email and/or instant message servers for buffering emails and/or instant messages to be delivered to the plurality of mobile stations.</claim-text></claim>
<claim id="c-en-0012" num="0012"><claim-text>12. A method of controlling communications in a radio-based ad hoc network, the radio-based ad hoc network comprising a plurality of mobile base stations and a plurality of mobile stations, the plurality of mobile base stations being coupled in communication with a server arrangement, the method comprising:<claim-text>- creating a communication map comprising a list of mobile stations and/or mobile base stations that are reachable from a given mobile station and/or mobile base station;</claim-text><claim-text>- receiving a network-connectivity request from a first mobile station, via a first mobile base station; and</claim-text><claim-text>- using the communication map to select a second mobile base station to be used to route data to and/or from the first mobile station.</claim-text></claim-text></claim>
<claim id="c-en-0013" num="0013"><claim-text>13. The method of claim 12, wherein the second mobile base station is different from the first mobile base station.</claim-text></claim>
<claim id="c-en-0014" num="0014"><claim-text>14. The method of claim 12 or 13, wherein the selecting the second mobile base station is performed based on at least one of:<claim-text>(i) a communication latency;</claim-text><claim-text>(ii) an amount of data to be transferred;</claim-text><claim-text>(iii) an estimated length of a communication session required for communication;</claim-text><claim-text>(iv) predicted radio propagation properties on available connection channels;</claim-text><claim-text>(v) an available quality of service;</claim-text><claim-text>(vi) a connection price;</claim-text><claim-text>(vii) a current network load in the radio-based ad hoc network.</claim-text></claim-text></claim>
<claim id="c-en-0015" num="0015"><claim-text>15. The method of any of the claims 12-14 further comprising at least one of<claim-text>- determining a connection channel and/or a transmission power to be used for communication with the selected mobile base station,</claim-text>
<!-- EPO <DP n="5"> -->
<claim-text>- receiving, from the plurality of mobile stations and/or the plurality of mobile base stations, their respective station maps,</claim-text><claim-text>- buffering emails and/or instant messages to be delivered to the plurality of mobile stations.</claim-text></claim-text></claim></claims></ep-ocr-patent-document>
