<?xml version="1.0" encoding="UTF-8"?>
<!DOCTYPE ep-ocr-patent-document PUBLIC "-//EPO//ep-ocr-patent-document-v1-0//EN" "ep-ocr-patent-document-v1-0.dtd">

<!-- EPO <DP n="1"> --><ep-ocr-patent-document country="EP" id="AN_16150001" lang="EN">
<claims id="claims01" lang="en">
<claim id="c-en-0001" num="0001"><claim-text>1. A radio station comprising:<claim-text>- a processor;</claim-text><claim-text>- a memory coupled to the processor; and</claim-text><claim-text>- at least one communication interface coupled to the processor, the at least one communication interface comprising a radio communication interface,<br/>wherein the processor is configured to:<claim-text>- receive one or more capability announcement messages from one or more other radio stations, wherein a given capability announcement message comprises an identifier of a given radio station that transmitted the given capability announcement message and a network-access status of the given radio station;</claim-text><claim-text>- analyze the one or more capability announcement messages to gather analyzed communication-capability information indicative of the one or more other radio stations that are available for communication and respective communication capabilities of the one or more other radio stations;</claim-text><claim-text>- update a station map, maintained locally at the radio station, with the communication-capability information;</claim-text><claim-text>- use the station map to select a target radio station for accessing a communication network; and</claim-text><claim-text>- transmit one or more capability announcement messages to other radio stations.</claim-text></claim-text></claim-text></claim>
<claim id="c-en-0002" num="0002"><claim-text>2. The radio station of claim 1, wherein the processor is configured to determine a connection channel to be used for communication with the target radio station, based on corresponding communication-capability information of the target radio station.</claim-text></claim>
<claim id="c-en-0003" num="0003"><claim-text>3. The radio station of claim 1 or 2, wherein when analyzing the one or more capability announcement messages, the processor is configured to measure quality of received signal of each of the one or more capability announcement messages and/or to determine a propagation mode of each of the one or more capability announcement messages.</claim-text></claim>
<!-- EPO <DP n="2"> -->
<claim id="c-en-0004" num="0004"><claim-text>4. The radio station of any of the preceding claims, wherein the given capability announcement message further comprises at least one of: a geographical location of the given radio station, a time of transmission of the given capability announcement message.</claim-text></claim>
<claim id="c-en-0005" num="0005"><claim-text>5. The radio station of any of the preceding claims, wherein the network-access status of the given radio station is indicative of whether or not the given radio station has an access to the Internet.</claim-text></claim>
<claim id="c-en-0006" num="0006"><claim-text>6. The radio station of any of the preceding claims, wherein the communication-capability information comprises one or more of: a geographical location of the given radio station, a connection price.</claim-text></claim>
<claim id="c-en-0007" num="0007"><claim-text>7. The radio station of any of the preceding claims, wherein the analyzed communication-capability information comprises one or more of: an available bitrate, one or more connection channels preferred for communication by the given radio station, a signal quality per connection channel, a propagation mode per connection channel, an available quality of service per connection channel.</claim-text></claim>
<claim id="c-en-0008" num="0008"><claim-text>8. The radio station of any of the preceding claims, wherein the processor is configured to exchange routing messages with other radio stations, wherein a given routing message transmitted by a given radio station comprises a list of radio stations that are reachable from the given radio station.</claim-text></claim>
<claim id="c-en-0009" num="0009"><claim-text>9. The radio station of any of the preceding claims, wherein the radio communication interface is a high frequency radio communication interface.</claim-text></claim>
<claim id="c-en-0010" num="0010"><claim-text>10. A method of operating a radio station, the method comprising:<claim-text>- receiving one or more capability announcement messages from one or more other radio stations, wherein a given capability announcement message comprises an identifier of a given radio station that transmitted the given capability announcement message and a network-access status of the given radio station;</claim-text><claim-text>- analyzing the one or more capability announcement messages to gather analysed communication-capability information indicative of the one or more other radio stations <!-- EPO <DP n="3"> -->
that are available for communication and respective communication capabilities of the one or more other radio stations;</claim-text><claim-text>- updating a station map, maintained locally at the radio station, with the communication-capability information;</claim-text><claim-text>- using the station map to select a target radio station for accessing a communication network; and</claim-text><claim-text>- transmitting one or more capability announcement messages to other radio stations.</claim-text></claim-text></claim>
<claim id="c-en-0011" num="0011"><claim-text>11. The method of claim 10 further comprising determining a connection channel to be used for communication with the target radio station, based on corresponding communication-capability information of the target radio station.</claim-text></claim>
<claim id="c-en-0012" num="0012"><claim-text>12. The method of claim 10 or 11, wherein the analyzing the one or more capability announcement messages comprises at last one of measuring a received signal quality of each of the one or more capability announcement messages, determining a propagation mode of each of the one or more capability announcement messages.</claim-text></claim>
<claim id="c-en-0013" num="0013"><claim-text>13. The method of any of the claims 10-12, wherein the analyzed communication-capability information comprises one or more of: an available bitrate, one or more connection channels preferred for communication by the given radio station, a signal quality per connection channel, a propagation mode per connection channel, an available quality of service per connection channel.</claim-text></claim>
<claim id="c-en-0014" num="0014"><claim-text>14. The method of any of the claims 10-13 further comprising exchanging routing messages with other radio stations, wherein a given routing message transmitted by a given radio station comprises a list of radio stations that are reachable from the given radio station.</claim-text></claim>
<claim id="c-en-0015" num="0015"><claim-text>15. A computer program product comprising a non-transitory machine-readable data storage medium having stored thereon program instructions that, when accessed by a processing device of a radio station, cause the processing device to:<claim-text>- receive one or more capability announcement messages from one or more other radio stations, wherein a given capability announcement message comprises an identifier of a <!-- EPO <DP n="4"> -->
given radio station that transmitted the given capability announcement message and a network-access status of the given radio station;</claim-text><claim-text>- analyze the one or more capability announcement messages to gather analysed communication-capability information indicative of the one or more other radio stations that are available for communication and respective communication capabilities of the one or more other radio stations;</claim-text><claim-text>- update a station map, maintained locally at the radio station, with the communication-capability information;</claim-text><claim-text>- use the station map to select a target radio station for accessing a communication network; and</claim-text><claim-text>- transmit one or more capability announcement messages to other radio stations.</claim-text></claim-text></claim></claims></ep-ocr-patent-document>
