<?xml version="1.0" encoding="UTF-8"?>
<!DOCTYPE ep-ocr-patent-document PUBLIC "-//EPO//ep-ocr-patent-document-v1-0//EN" "ep-ocr-patent-document-v1-0.dtd">

<!-- EPO <DP n="1"> --><ep-ocr-patent-document country="EP" id="AN_16150001" lang="EN">
<description id="desc" lang="en">
<invention-title>NETWORK ACCESS USING MOBILE BASE STATIONS</invention-title>
<heading>TECHNICAL FIELD</heading>
<p id="p0001" num="0001">The present disclosure relates generally to radio communications; and more specifically, to radio stations for facilitating network connectivity. Moreover, the present disclosure relates to methods of operating the aforesaid radio stations. Furthermore, the present disclosure also concerns computer program products comprising non-transitory machine-readable data storage media having stored thereon program instructions that, when accessed by processing devices of the aforesaid radio stations, cause the processing devices to perform the aforesaid methods.</p>
<heading>BACKGROUND</heading>
<p id="p0002" num="0002">Facilitating data communication in remote locations, especially in the Polar Regions and remote land and sea regions, is challenging. For instance, modem maritime vessels require data communications for receiving route information and route updates, while remote mining facilities require data communications for transmitting measurement data to a central operating office. Also, personnel working in such remote locations require data communication for sending or receiving emails, instant messages, and voice and/or video calls.</p>
<p id="p0003" num="0003">In general, there are various applications of facilitating data communication to remote regions. However, there exists a need of such data communication services at reasonable costs and with high data transfer speeds.</p>
<p id="p0004" num="0004">It has been known for a long time that radio waves operating in a High Frequency (HF) band can carry information over long distances, in some circumstances over 10000 km. The HF band is typically used by international shortwave broadcasting stations, aviation communication systems, maritime sea-to-shore services, government time stations, weather stations, amateur radio and citizens band services, and Global Maritime Distress and Safety System (GMDSS).</p>
<!-- EPO <DP n="2"> -->
<p id="p0005" num="0005">However, radio technologies conventionally used in the HF band are ill-suited for data communications. Moreover, building a network of base stations for providing a good network capacity and coverage in the remote regions would be costly.</p>
<p id="p0006" num="0006">Furthermore, satellite communications (SATCOM) has also been used conventionally for facilitating data communications in the remote regions. However, the satellite communications offer a poor service in the Polar Regions and are expensive.</p>
<heading>SUMMARY</heading>
<p id="p0007" num="0007">The present disclosure seeks to provide an improved radio communication apparatus.</p>
<p id="p0008" num="0008">The present disclosure also seeks to provide an improved method of operation a radio station.</p>
<p id="p0009" num="0009">A further aim of the present disclosure is to at least partially overcome at least some of the problems of the prior art, as discussed above.</p>
<p id="p0010" num="0010">In a first aspect, embodiments of the present disclosure provide a radio station comprising:<ul list-style="none">
<li>a processor;</li>
<li>a memory coupled to the processor; and</li>
<li>at least one communication interface coupled to the processor, the at least one communication interface comprising a radio communication interface,</li>
<li>wherein the processor is configured to:<ul list-style="none">
<li>receive one or more capability announcement messages from one or more other radio stations, wherein a given capability announcement message comprises an identifier of a given radio station that transmitted the given capability announcement message and a network-access status of the given radio station;</li>
<li>analyze the one or more capability announcement messages to gather analyzed communication-capability information indicative of the one or more other radio stations that are available for communication and respective communication capabilities of the one or more other radio stations;</li>
<!-- EPO <DP n="3"> -->

<li>update a station map, maintained locally at the radio station, with the communication-capability information;</li>
<li>use the station map to select a target radio station for accessing a communication network; and</li>
<li>transmit one or more capability announcement messages to other radio stations.</li>
</ul></li>
</ul></p>
<p id="p0011" num="0011">In a second aspect, embodiments of the present disclosure provide a method of operating a radio station, the method comprising:<ul list-style="none">
<li>receiving one or more capability announcement messages from one or more other radio stations, wherein a given capability announcement message comprises an identifier of a given radio station that transmitted the given capability announcement message and a network-access status of the given radio station;</li>
<li>analyzing the one or more capability announcement messages to gather analyzed communication-capability information indicative of the one or more other radio stations that are available for communication and respective communication capabilities of the one or more other radio stations;</li>
<li>updating a station map, maintained locally at the radio station, with the communication-capability information;</li>
<li>using the station map to select a target radio station for accessing a communication network; and</li>
<li>transmit one or more capability announcement messages to other radio stations.</li>
</ul></p>
<p id="p0012" num="0012">In a third aspect, embodiments of the present disclosure provide a computer program product comprising a non-transitory machine-readable data storage medium having stored thereon program instructions that, when accessed by a processing device of a radio station, cause the processing device to:<ul list-style="none">
<li>receive one or more capability announcement messages from one or more other radio stations, wherein a given capability announcement message comprises an identifier of a given radio station that transmitted the given capability announcement message and a network-access status of the given radio station;</li>
<!-- EPO <DP n="4"> -->

<li>analyze the one or more capability announcement messages to gather analyzed communication-capability information indicative of the one or more other radio stations that are available for communication and respective communication capabilities of the one or more other radio stations;</li>
<li>update a station map, maintained locally at the radio station, with the communication-capability information;</li>
<li>use the station map to select a target radio station for accessing a communication network; and</li>
<li>transmit one or more capability announcement messages to other radio stations.</li>
</ul></p>
<p id="p0013" num="0013">Embodiments of the present disclosure substantially eliminate or at least partially address the aforementioned problems in the prior art, and enable radio stations to flexibly form an ad hoc network that can be used to access a communication network, such as the Internet, for data communication purposes.</p>
<p id="p0014" num="0014">Additional aspects, advantages, features and objects of the present disclosure would be made apparent from the drawings and the detailed description of the illustrative embodiments construed in conjunction with the appended claims that follow.</p>
<p id="p0015" num="0015">It will be appreciated that features of the present disclosure are susceptible to being combined in various combinations without departing from the scope of the present disclosure as defined by the appended claims.</p>
<heading>BRIEF DESCRIPTION OF THE DRAWINGS</heading>
<p id="p0016" num="0016">The summary above, as well as the following detailed description of illustrative embodiments, is better understood when read in conjunction with the appended drawings. For the purpose of illustrating the present disclosure, exemplary constructions of the disclosure are shown in the drawings. However, the present disclosure is not limited to specific methods and instrumentalities disclosed herein. Moreover, those in the art will understand that the drawings are not to scale. Wherever possible, like elements have been indicated by identical numbers.</p>
<!-- EPO <DP n="5"> -->
<p id="p0017" num="0017">Embodiments of the present disclosure will now be described, by way of example only, with reference to the following diagrams wherein:<ul list-style="none">
<li>FIG. 1 is a schematic illustration of an example network environment that is suitable for practicing embodiments of the present disclosure;</li>
<li>FIG. 2 is a schematic illustration of an example signal workflow, in accordance with an embodiment of the present disclosure;</li>
<li>FIG. 3 is a schematic illustration of various components in an example implementation of a communication apparatus, in accordance with an embodiment of the present disclosure;</li>
<li>FIGs. 4A, 4B, 4C and 4D are schematic illustrations of example variations in propagation properties of sky waves; and</li>
<li>FIG. 5 is an illustration of steps of a method of operating a radio station, in accordance with an embodiment of the present disclosure.</li>
</ul></p>
<p id="p0018" num="0018">In the accompanying drawings, an underlined number is employed to represent an item over which the underlined number is positioned or an item to which the underlined number is adjacent. A non-underlined number relates to an item identified by a line linking the non-underlined number to the item. When a number is non-underlined and accompanied by an associated arrow, the non-underlined number is used to identify a general item at which the arrow is pointing.</p>
<heading>DETAILED DESCRIPTION OF EMBODIMENTS</heading>
<p id="p0019" num="0019">The following detailed description illustrates embodiments of the present disclosure and ways in which they can be implemented. Although some modes of carrying out the present disclosure has been disclosed, those skilled in the art would recognize that other embodiments for carrying out or practicing the present disclosure are also possible.</p>
<heading><u>GLOSSARY</u></heading>
<p id="p0020" num="0020">Brief definitions of terms used throughout the present disclosure are given below.</p>
<p id="p0021" num="0021">The term "radio station" generally refers to a communication apparatus that is capable of communicating with other similar communication apparatus using radio waves, via a <!-- EPO <DP n="6"> -->
radio communication interface. It is to be noted here that the term "radio station" only implies that the radio station can communicate using radio waves. In addition to the radio communication interface, the radio station can include other types of communication interfaces, which may be wired or wireless.</p>
<p id="p0022" num="0022">The term "base station" generally refers to a radio station that is fixed and has an access to a communication network, for example, such as the Internet. A base station is operable to relay network traffic to or from a mobile station.</p>
<p id="p0023" num="0023">The term "mobile station" generally refers to a radio station that is mobile.</p>
<p id="p0024" num="0024">The term "mobile base station" generally refers to a mobile station that is temporarily capable of acting as a base station. In other words, a mobile base station is a mobile station that has an access to a communication network, for example, such as the Internet. Thus, a mobile base station is operable to relay network traffic to or from a mobile station.</p>
<p id="p0025" num="0025">The term "ad hoc network" generally refers to a network that is established between a plurality of radio stations without any network planning with respect to infrastructure and/or frequency utilization.</p>
<p id="p0026" num="0026">The term "capability announcement message" generally refers to a message that a radio station transmits to announce its communication capabilities to other radio stations. A capability announcement message typically comprises an identifier of a radio station that transmitted the capability announcement message and a network-access status of the radio station.</p>
<p id="p0027" num="0027">The term "identifier" generally refers to an identification code that uniquely identifies a radio station. In an example, the identifier can be a Media Access Control (MAC) address of the radio station.</p>
<p id="p0028" num="0028">The term "network-access status" generally refers to a parameter that is indicative of whether or not a given radio station has an access to a communication network. An example of the communication network is the Internet.</p>
<!-- EPO <DP n="7"> -->
<p id="p0029" num="0029">The term "high frequencies" or "HF" generally refers to an International Telecommunication Union (ITU) designation for a range of radio frequencies between 3 MHz and 30 MHz.</p>
<p id="p0030" num="0030">The term "surface wave" generally refers to a radio wave that propagates close to a ground surface of the Earth.</p>
<p id="p0031" num="0031">The term "sky wave" generally refers to a radio wave that propagates by utilizing ionospheric refractions and/or reflections.</p>
<p id="p0032" num="0032">The terms "connected" or "coupled" and related terms are used in an operational sense and are not necessarily limited to a direct connection or coupling. Thus, for example, two devices may be coupled directly, or via one or more intermediary media or devices. As another example, devices may be coupled in such a way that information can be passed there between, while not sharing any physical connection with one another. Based on the present disclosure provided herein, one of ordinary skill in the art will appreciate a variety of ways in which connection or coupling exists in accordance with the aforementioned definition.</p>
<p id="p0033" num="0033">The phrases "in an embodiment," "in accordance with an embodiment," and the like generally mean the particular feature, structure, or characteristic following the phrase is included in at least one embodiment of the present disclosure, and may be included in more than one embodiment of the present disclosure. Importantly, such phrases do not necessarily refer to the same embodiment.</p>
<p id="p0034" num="0034">If the specification states a component or feature "may", "can", "could", or "might" be included or have a characteristic, that particular component or feature is not required to be included or have the characteristic.</p>
<p id="p0035" num="0035">In a first aspect, embodiments of the present disclosure provide a radio station comprising:<ul list-style="none">
<li>a processor;</li>
<li>a memory coupled to the processor; and</li>
<!-- EPO <DP n="8"> -->

<li>at least one communication interface coupled to the processor, the at least one communication interface comprising a radio communication interface,</li>
<li>wherein the processor is configured to:<ul list-style="none">
<li>receive one or more capability announcement messages from one or more other radio stations, wherein a given capability announcement message comprises an identifier of a given radio station that transmitted the given capability announcement message and a network-access status of the given radio station;</li>
<li>analyze the one or more capability announcement messages to gather analysed communication-capability information indicative of the one or more other radio stations that are available for communication and respective communication capabilities of the one or more other radio stations;</li>
<li>update a station map, maintained locally at the radio station, with the communication-capability information;</li>
<li>use the station map to select a target radio station for accessing a communication network; and</li>
<li>transmit one or more capability announcement messages to other radio stations.</li>
</ul></li>
</ul></p>
<p id="p0036" num="0036">According to an embodiment, the given capability announcement message further comprises at least one of: a geographical location of the given radio station, and/or a time of transmission of the given capability announcement message.</p>
<p id="p0037" num="0037">According to an embodiment, the network-access status of the given radio station is indicative of whether or not the given radio station has an access to a communication network. An example of the communication network is the Internet.</p>
<p id="p0038" num="0038">In some embodiments, the one or more capability announcement messages are encrypted for security purposes. This may be particularly beneficial in a case where radio stations desire to communicate with only authorized radio stations.</p>
<p id="p0039" num="0039">According to an embodiment, the processor is configured to determine a connection channel to be used for communication with the target radio station, based on corresponding communication-capability information of the target radio station. Optionally, for this purpose, when a capability announcement message is received from <!-- EPO <DP n="9"> -->
a given radio station, the processor is configured to determine a connection channel on which the capability announcement message is received, and identify the connection channel as a preferred connection channel for the given radio station. Optionally, in this regard, the processor is configured to perform operations as described in respect of a published patent application US 2014/0119316 Al, hereby incorporated by reference in its entirety and especially its paragraphs [0032], [0062] and [0064]-[0069].</p>
<p id="p0040" num="0040">According to an embodiment, when analyzing the one or more capability announcement messages, the processor is configured to measure a received signal quality of each of the one or more capability announcement messages, i.e. to measure the quality of the received signal. Optionally, the received signal quality is measured in terms of one or more of: Signal-to-Noise Ratio (SNR), Signal-to-Interference-plus-Noise Ratio (SINR), and/or Modulation Error Ratio (MER). It is to be noted here that any other channel quality metric may be used.</p>
<p id="p0041" num="0041">According to an embodiment, when analyzing the one or more capability announcement messages, the processor is configured to measure a bitrate with which each of the one or more capability announcement messages is received.</p>
<p id="p0042" num="0042">According to an embodiment, when analyzing the one or more capability announcement messages, the processor is configured to determine a propagation mode of each of the one or more capability announcement messages. Optionally, in this regard, the processor is configured to determine whether a given capability announcement message was received as a surface wave or as a sky wave.</p>
<p id="p0043" num="0043">The determination of the propagation mode is for example based on propagation characteristics of radio waves. As ionospheric propagation introduces multipath, there are distinguishable echoes in a radio signal received by ionospheric propagation.</p>
<p id="p0044" num="0044">Optionally, in this regard, radio stations employ a code preamble that is mutually known to both transmitting and receiving radio stations. The code preamble is included in a capability announcement message. Examples of the code preamble include, but are not limited to, a Gold code and a Direct Sequence (DS) code. As an example, the code preamble can be 64 symbols long.</p>
<!-- EPO <DP n="10"> -->
<p id="p0045" num="0045">Optionally, the processor is configured to perform a correlation function between the code preamble and a received radio signal. If one visible spike is present, the received radio signal is determined to be a surface wave. On the other hand, if multiple spikes are present, the received radio signal is determined to be a sky wave. As the presence of multiple spikes is easily recognizable, the determination of the propagation mode can be performed by using a simple signal processing algorithm.</p>
<p id="p0046" num="0046">Moreover, all received radio signals need not to be processed to determine the propagation mode, as a distance between receiving and transmitting radio stations is known from their geographical locations and surface waves can only travel a certain distance affected by a time of day. In this regard, simple heuristics can be used. As an example, depending on a previous determination of a propagation mode for a given transmitting radio station and a time when the previous determination was made, a receiving radio station does not require to process other radio signals originating from the given transmitting radio station until there is a substantial change in a geographical location of at least one of the radio stations and/or in a distance between the radio stations.</p>
<p id="p0047" num="0047">As mentioned above, the communication-capability information comprises at least an identifier of a given radio station and a network-access status of the given radio station. According to an embodiment, the communication-capability information further comprises one or more of: a geographical location of the given radio station, a connection price. According to another embodiment, the analysed communication-capability information comprises one or more of: an available bitrate one or more connection channels preferred for communication by the given radio station, a signal quality per connection channel, a propagation mode per connection channel, an available quality of service per connection channel.</p>
<p id="p0048" num="0048">Moreover, the station map, maintained locally at the radio station, stores the communication-capability information. According to an embodiment, the station map is stored by way of one or more database tables.</p>
<p id="p0049" num="0049">For illustration purposes only, there will now be considered a first example table that is maintained locally at the radio station. <!-- EPO <DP n="11"> -->
<tables num=""><img he="86" wi="170" file="16150001-17740173-0001.tif" img-format="tif" img-content="table" inline="no" id="I16150001-17740173-0001"/></tables></p>
<p id="p0050" num="0050">A key 'Station ID' denotes an identifier of a given radio station, while a key 'Network-Access Status' denotes a network-access status of the given radio station. A key "Multihop Network-Access Status" denotes a network-access status of the given radio station over another radio station. A key 'Location' denotes a geographical location of the given radio station. The geographical location may, for example, be denoted by Global Positioning System (GPS) coordinates or latitudes and longitudes of the given radio station. A key 'Available Bitrate' denotes a bitrate that is available from the given radio station, while a key 'Connection Price' denotes a price that is associated to relaying a connection to a communication network, such as the Internet. The system can be configured to levy cost (or price) of connection to parties involved with relaying connection to the communication network. The cost can be the real cost related to telecommunication cost of a party which is connected to third party commercial telecommunication network such as cellular network cost or relative cost. The cost and revenues can be distributed as credit points, money, free communication time, membership points and so forth.</p>
<p id="p0051" num="0051">In the first example table, a value of 'YES' for the key 'Network-Access Status' indicates that a corresponding radio station has an access to the communication network. Such a radio station is capable of acting as a mobile base station.</p>
<!-- EPO <DP n="12"> -->
<p id="p0052" num="0052">In the first example table, a value 'YES' for the key "Multihop Network-Access Status" indicates that a corresponding radio station has an access to another radio station that has access to a radio station that is capable of acting as a mobile base station.</p>
<p id="p0053" num="0053">When a connection to the communication network is required, the radio station selects a target radio station, from amongst available mobile base stations, for accessing the communication network. Optionally, in this regard, the radio station prioritizes a list of available mobile base stations. Optionally, the available mobile base stations are prioritized based on one or more of: distances from the radio station, the available bitrates and/or the connection prices.</p>
<p id="p0054" num="0054">There will next be considered a second example table that is maintained locally at the radio station. 
<tables num=""><img he="96" wi="170" file="16150001-17740173-0002.tif" img-format="tif" img-content="table" inline="no" id="I16150001-17740173-0002"/></tables></p>
<p id="p0055" num="0055">A key 'Radio Channel' denotes a given connection channel that is preferred for communication by a given radio station, while a key 'Wave Mode' denotes a propagation mode of the given connection channel. A key 'SNR' denotes an SNR value of the given connection channel, while a key 'MER' denotes an MER value of the given connection channel.</p>
<!-- EPO <DP n="13"> -->
<p id="p0056" num="0056">Once a target radio station is selected, the radio station selects a connection channel to be used for communication with the target radio station. The connection channel may, for example, be selected based on the SNR and MER values and/or the propagation mode.</p>
<p id="p0057" num="0057">Moreover, optionally, the processor can be configured to select the connection channel to be used depending on one or more antenna-specific parameters, for example, such as polarization. In such a case, additional entries are required to be added to the second example table to take into account a received signal quality per antenna, per polarization.</p>
<p id="p0058" num="0058">It is to be noted here that the station map can alternatively be stored as a single database table, wherein the single database table can have at least some keys of the first and second example tables.</p>
<p id="p0059" num="0059">Moreover, according to an embodiment, the processor is configured to operate as an email server.</p>
<p id="p0060" num="0060">Furthermore, the processor is configured to transmit one or more capability announcement messages to other radio stations. Optionally, the capability announcement messages are broadcast messages that are not addressed to any specific radio station. As a result, any radio station that is capable of receiving the capability announcement messages may process these capability announcement messages.</p>
<p id="p0061" num="0061">Optionally, in this regard, the processor is configured to perform operations as described in respect of a published patent application US 2014/0119316 Al, hereby incorporated by reference in its entirety. As an example, these operations comprise:<ul list-style="none">
<li>dividing a frequency band into a plurality of frequency blocks, each frequency block comprising a plurality of sub-bands (namely, connection channels);</li>
<li>scanning said sub-bands and estimating communication quality for said sub-bands;</li>
<li>selecting at least one sub-band per each frequency block; and</li>
<li>transmitting said control message on each selected sub-band.</li>
</ul></p>
<p id="p0062" num="0062">Moreover, the transmission of the capability announcement messages can be triggered on a time-basis or on a need-basis. Optionally, in this regard, the processor is configured to <!-- EPO <DP n="14"> -->
transmit the capability announcement messages periodically. A typical period may be, for example, every 10 minutes. Optionally, when transmitting the capability announcement messages on a time-basis, slight randomization can be used to avoid overlapping of radio signals received from different radio stations. Alternatively or additionally, optionally, the processor is configured to transmit the capability announcement messages upon detecting a change in communication capabilities of the radio station. In an example, the communication capabilities of the radio station with respect to sky waves may change depending on a time of day, a season of year, and a solar activity.</p>
<p id="p0063" num="0063">According to an embodiment, the processor is configured to exchange routing messages with other radio stations, wherein a given routing message transmitted by a given radio station comprises a list of radio stations that are reachable from the given radio station. This potentially enables a multi-hop access to the communication network. In an example, a first mobile station can connect to a second mobile station, which can then connect to a mobile base station, so as to provide the first mobile station with an access to the communication network. The message may be relayed, i.e. forwarded immediately after it has been received. This feature can also be used in connection with data on the intended route of for example a vessel. Indeed, non-urgent messages may be kept in a message buffer of a given radio station and forwarded later, once the radio station has reached a point where it has access to the communication network. The appropriate radio station to be used for such purpose may be determined based on the route plans of the mobile radio stations.</p>
<p id="p0064" num="0064">According to an embodiment, the radio communication interface is a High Frequency (HF) radio communication interface.</p>
<p id="p0065" num="0065">Furthermore, the aforementioned radio station can be implemented by way of a communication apparatus. An example of such a communication apparatus has been illustrated in conjunction with FIG. 3 as explained in more detail below.</p>
<p id="p0066" num="0066">The communication apparatus includes, but is not limited to, a Central Processing Unit (CPU), a memory, one or more radio receiver/transmitter (RX/TX) modems, and a power source.</p>
<!-- EPO <DP n="15"> -->
<p id="p0067" num="0067">The power source supplies electrical power to various components of the communication apparatus. The power source may, for example, be a battery or other suitable power storage means.</p>
<p id="p0068" num="0068">The memory optionally includes non-removable memory, removable memory, or a combination thereof. The non-removable memory, for example, includes Random-Access Memory (RAM), Read-Only Memory (ROM), flash memory, or a hard drive. The removable memory, for example, includes flash memory cards, memory sticks, or smart cards.</p>
<p id="p0069" num="0069">With the associated memory and program instructions stored thereon, the CPU is configured to control the communication apparatus.</p>
<p id="p0070" num="0070">Optionally, the radio RX/TX modems are operable to provide an HF radio communication interface. In this regard, the radio RX/TX modems enable radio communication within the HF band using various well-known modulation techniques.</p>
<p id="p0071" num="0071">Moreover, each of the radio RX/TX modems is connected via a corresponding amplifier to its corresponding antenna. In some examples, the communication apparatus employs more than 100 radio RX/TX modems along with amplifiers and antennae associated therewith. Each of these radio RX/TX modems has different communication characteristics, for example, different connection channel widths. Optionally, the CPU is configured to select at least one of these radio RX/TX modems for data communication. In this regard, the CPU can be configured to select the at least one of the radio RX/TX modems, depending on one or more antenna-specific parameters, for example, such as polarization.</p>
<p id="p0072" num="0072">Additionally, optionally, the CPU is configured to select a new radio RX/TX modem for data communication when a radio connection channel in use deteriorates substantially. Optionally, the CPU is configured to encrypt the data communications for security purposes. Moreover, the communication apparatus includes a cellular modem and an associated antenna for facilitating 2G, 3G or 4G telecommunications. In an example, the cellular modem can be employed to route Internet Protocol (IP) traffic from and to the communication apparatus. In another example, the cellular modem can be employed to <!-- EPO <DP n="16"> -->
route Voice over IP (VoIP), emails and instant messaging from and to the communication apparatus.</p>
<p id="p0073" num="0073">Optionally, the CPU is configured to operate various services, for example, such as an e-mail service, an Instant Messaging (IM) service, and so forth. Optionally, in this regard, the CPU is configured to operate as an email server. Additionally, optionally, the CPU is configured to operate as an IM server.</p>
<p id="p0074" num="0074">Moreover, optionally, the communication apparatus also includes a short-range radio and an associated antenna for facilitating, for example, a Wi-Fi network, a Bluetooth network or a similar network. In an example, the short-range radio can be used for communication in a proximity of the communication apparatus. In another example, when the communication apparatus is installed within a ship that is in a harbour, the short-range radio can be used to connect the communication apparatus to a WLAN network of the harbour.</p>
<p id="p0075" num="0075">Moreover, optionally, the communication apparatus includes wired connection means for connecting the communication apparatus to an external device. In an example, the wired connection means can be used to connect the communication apparatus to an Ethernet, for example, such as an intranet of a vessel or a facility in which the communication apparatus is installed. In another example, the wired connection means can be used to connect to a Universal Serial Bus (USB) connection.</p>
<p id="p0076" num="0076">Furthermore, optionally, the communication apparatus includes a Global Positioning System (GPS) unit for determining a geographical location of the communication apparatus. Such GPS units may, for example, be used to determine geographical locations of communication apparatus that are installed within maritime vessels.</p>
<p id="p0077" num="0077">For illustration purposes only, there will now be considered an example network environment, wherein a plurality of radio stations are implemented pursuant to embodiments of the present disclosure. An example network environment has been illustrated in conjunction with FIG. 1 as explained in more detail below.</p>
<!-- EPO <DP n="17"> -->
<p id="p0078" num="0078">Embodiments of the present disclosure may be realized in an ad hoc radio network comprising the plurality of radio stations.</p>
<p id="p0079" num="0079">These radio stations may be operationally equivalent to each other. At least some of these radio stations are free to move. At least one of these radio stations is configured to relay data packets from or to one or more other radio stations.</p>
<p id="p0080" num="0080">At least some of the radio stations have a very long communication range, and are capable of communicating directly with radio stations on the other side of the Earth.</p>
<p id="p0081" num="0081">The radio stations have transmit powers ranging from a few Watts (for example, 20 W) to even kilo Watts, depending on a type of power supply employed. For example, a radio station installed within a building, a truck, or a ship may utilize high transmit powers, while a radio station installed within a hand-held device may be limited to a few Watts.</p>
<p id="p0082" num="0082">Optionally, the radio stations utilize a frequency band comprising a High Frequency (HF) band. It is to be noted here that the radio stations may utilize other frequency bands, for example, such as a Very High Frequency (VHF) band or an Ultra-High Frequency (UHF) band. An advantage of HF radio waves is their long propagation range, and a fact that they may propagate via several types of communication paths, namely surface waves and sky waves.</p>
<p id="p0083" num="0083">Thus, the radio stations are configured to support radio communications on the HF band from which actual transmission frequencies can be selected according to a sub-method as described in US 2014/0119316 Al. The supported frequency band may be either continuous or divided into a plurality of frequency bands separated from each other. The division may be based on a fact that there are other radio stations occupying some frequencies that may have a priority to occupy those frequencies, while the radio stations have to adapt to the frequency occupation of the other radio stations. In an embodiment, various radio stations occupying a same frequency band have an equal priority to the frequency occupation. In this embodiment, the radio stations may utilize cognitive channel selection procedures as described in US 2014/0119316 Al, to avoid collisions between the radio stations.</p>
<!-- EPO <DP n="18"> -->
<p id="p0084" num="0084">Accordingly, the radio stations can be configured to use certain frequency bands, for example, depending on a bandwidth license that is issued to them.</p>
<p id="p0085" num="0085">For illustrations purposes only, there will now be considered that each of the plurality of radio stations in the above example network environment is typically implemented within a maritime vessel. Examples of such a maritime vessel include, but are not limited to, a cargo ship, a passenger ship, a special-purpose ship, a ferry, and a boat. As a result, each of the plurality of radio stations is mobile, and is hereinafter referred to as a "mobile station".</p>
<p id="p0086" num="0086">A mobile station having an access to a communication network can act as a mobile base station for other reachable mobile stations. In other words, the other reachable mobile stations can relay their network traffic through the mobile base station. When a maritime vessel reaches a coastal area, for example, such as a harbour, a mobile station implemented within the maritime vessel can access one or more communication networks and can act as a mobile base station. Examples of such communication networks include, but are not limited to, Local Area Networks (LANs), Wide Area Networks (WANs), Wireless LANs (WLANs), Wireless WANs (WWANs), the Internet, second generation (2G) telecommunication networks, third generation (3G) telecommunication networks, fourth generation (4G) telecommunication networks, and Worldwide Interoperability for Microwave Access (WiMAX) networks.</p>
<p id="p0087" num="0087">Each mobile station and/or mobile base station broadcasts capability announcement messages. Optionally, each mobile station and/or mobile base station broadcasts these capability announcement messages on a plurality of preferred connection channels.</p>
<p id="p0088" num="0088">When a given mobile station receives a capability announcement message, the given mobile station analyzes the capability announcement message to perform one or more of:<ul list-style="none">
<li>(i) identify a radio station that transmitted the capability announcement message (hereinafter referred to as "transmitting radio station") from an identifier included within the capability announcement message;</li>
<!-- EPO <DP n="19"> -->

<li>(ii) determine, from a network-access status included within the capability announcement message, whether or not the transmitting radio station has an access to a communication network, for example, such as the Internet;</li>
<li>(iii) determine a geographical location of the transmitting radio station;</li>
<li>(iv) determine, from a time of transmission included within the capability announcement message, whether or not the capability announcement message is a repetition interference;</li>
<li>(v) discard the capability announcement message, if it is a repetition interference;</li>
<li>(vi) determine a connection channel used to transmit the capability announcement message as one of preferred connection channels for the transmitting radio station;</li>
<li>(vii) measure a received signal quality of the connection channel;</li>
<li>(viii) determine a propagation mode of the connection channel;</li>
<li>(ix) determine an available Quality-of-Service (QoS) for the connection channel;</li>
<li>(x) measure a bitrate with which the capability announcement message is received from the transmitting radio station; and/or</li>
<li>(xi) determine a connection price to be paid for a network connection facilitated by the transmitting radio station.</li>
</ul></p>
<p id="p0089" num="0089">In this manner, each mobile station and/or mobile base station analyzes capability announcement messages that it receives to gather communication-capability information and updates its station map with the gathered information.</p>
<p id="p0090" num="0090">Moreover, a given mobile station can communicate with one or more mobile base stations that are within a coverage area of the given mobile station. For this purpose, the given mobile station can communicate either with a lower bit rate via sky waves, or with a higher bit rate if radio communication via surface waves is available.</p>
<p id="p0091" num="0091">Moreover, while maritime vessels sail through water bodies, their geographical locations change. As a result, a given mobile station may become unreachable to one or more mobile stations and/or mobile base stations to which it was earlier reachable, and may become reachable to one or more new mobile stations and/or mobile base stations. Therefore, in order to update other mobile stations and/or mobile base stations with their <!-- EPO <DP n="20"> -->
latest communication capabilities, the mobile stations and/or mobile base stations broadcast capability announcement messages repeatedly.</p>
<p id="p0092" num="0092">Furthermore, propagation characteristics of sky waves are highly dependent on a connection channel used, a time of day, a location and ionospheric conditions. An example of how the propagation characteristics may change has been illustrated in conjunction with FIGs. 4A-D as explained in more detail below. Thus, in order to update each other, the mobile stations and/or mobile base stations broadcast capability announcement messages on a time-basis or on a need-basis.</p>
<p id="p0093" num="0093">Later, when a given mobile station requires a connection to a communication network, the given mobile station uses its station map to select a mobile base station for accessing the communication network, as described earlier. An example signal workflow has been illustrated in conjunction with FIG. 2 as explained in more detail below.</p>
<p id="p0094" num="0094">Moreover, optionally, each mobile station and/or mobile base station can be configured to provide various service levels within the ad hoc radio network. As an example, various types of service levels that can be provided within the ad hoc radio network include at least one of:<ul list-style="none">
<li>(i) relay of emergency messages from or to a mobile station;</li>
<li>(ii) relay of important messages from or to the mobile station; and</li>
<li>(iii) relay of IP traffic related to passengers or crew of a maritime vessel.</li>
</ul></p>
<p id="p0095" num="0095">An example of the emergency messages could be a distress call made by a captain of a ship. Some examples of the important messages include, but are not limited to, messages pertaining to route information to be used by a ship, a weather forecast information, and a fuel consumption information. The service levels (i) and (ii) typically require only small amounts of data to be transmitted.</p>
<p id="p0096" num="0096">Some examples of the IP traffic related to the passengers or the crew of the maritime vessel include, but are not limited to, IP traffic related to emails, instant messages, VoIP, and Internet browsing. The service level (iii) typically requires large amounts of data to be transmitted. The service level (iii) may also require longer communication sessions <!-- EPO <DP n="21"> -->
with a different quality of service, as compared to the service levels (i) and (ii). Therefore, each mobile station can be configured to perform the selection of a mobile base station for accessing the communication network, based on a desired service level.</p>
<p id="p0097" num="0097">In a second aspect, embodiments of the present disclosure provide a method of operating a radio station, the method comprising:<ul list-style="none">
<li>receiving one or more capability announcement messages from one or more other radio stations, wherein a given capability announcement message comprises an identifier of a given radio station that transmitted the given capability announcement message and a network-access status of the given radio station;</li>
<li>analyzing the one or more capability announcement messages to gather analyzed communication-capability information indicative of the one or more other radio stations that are available for communication and respective communication capabilities of the one or more other radio stations;</li>
<li>updating a station map, maintained locally at the radio station, with the communication-capability information;</li>
<li>using the station map to select a target radio station for accessing a communication network; and</li>
<li>transmitting one or more capability announcement messages to other radio stations.</li>
</ul></p>
<p id="p0098" num="0098">According to an embodiment, the method further comprises determining a connection channel to be used for communication with the target radio station, based on corresponding communication-capability information of the target radio station.</p>
<p id="p0099" num="0099">According to an embodiment, the analyzing the one or more capability announcement messages comprises measuring a received signal quality of each of the one or more capability announcement messages.</p>
<p id="p0100" num="0100">According to an embodiment, the analyzing the one or more capability announcement messages comprises determining a propagation mode of each of the one or more capability announcement messages.</p>
<!-- EPO <DP n="22"> -->
<p id="p0101" num="0101">According to an embodiment, the given capability announcement message further comprises at least one of: a geographical location of the given radio station, a time of transmission of the given capability announcement message.</p>
<p id="p0102" num="0102">According to an embodiment, the communication-capability information further comprises one or more of: a geographical location of the given radio station, a connection price. According to another embodiment, the analyzed communication-capability information comprises one or more of: an available bitrate, one or more connection channels preferred for communication by the given radio station, a signal quality per connection channel, a propagation mode per connection channel, an available quality of service per connection channel.</p>
<p id="p0103" num="0103">As mentioned above, the method further comprises transmitting one or more capability announcement messages to other radio stations.</p>
<p id="p0104" num="0104">According to an embodiment, the method further comprises exchanging routing messages with other radio stations, wherein a given routing message transmitted by a given radio station comprises a list of radio stations that are reachable from the given radio station.</p>
<p id="p0105" num="0105">In a third aspect, embodiments of the present disclosure provide a computer program product comprising a non-transitory machine-readable data storage medium having stored thereon program instructions that, when accessed by a processing device of a radio station, cause the processing device to:<ul list-style="none">
<li>receive one or more capability announcement messages from one or more other radio stations, wherein a given capability announcement message comprises an identifier of a given radio station that transmitted the given capability announcement message and a network-access status of the given radio station;</li>
<li>analyze the one or more capability announcement messages to gather analyzed communication-capability information indicative of the one or more other radio stations that are available for communication and respective communication capabilities of the one or more other radio stations;</li>
<li>update a station map, maintained locally at the radio station, with the communication-capability information;</li>
<!-- EPO <DP n="23"> -->

<li>use the station map to select a target radio station for accessing a communication network; and</li>
<li>transmit one or more capability announcement messages to other radio stations.</li>
</ul></p>
<p id="p0106" num="0106">According to an embodiment, the communication-capability information comprises one or more of: a geographical location of the given radio station, a connection price. According to another embodiment, the analyzed communication-capability information comprises one or more of: an available bitrate, one or more connection channels preferred for communication by the given radio station, a signal quality per connection channel, a propagation mode per connection channel, an available quality of service per connection channel.</p>
<heading>DETAILED DESCRIPTION OF DRAWINGS</heading>
<p id="p0107" num="0107">Referring now to the drawings, particularly by their reference numbers, FIG. 1 is a schematic illustration of an example network environment 100 that is suitable for practicing embodiments of the present disclosure. The network environment 100 includes a plurality of radio stations, depicted as a radio station 102a, a radio station 102b and a radio station 102c in FIG. 1. The radio stations 102a, 102b and 102c are hereinafter collectively referred to as radio stations 102.</p>
<p id="p0108" num="0108">Embodiments of the invention may be realized in an ad hoc network comprising the radio stations 102.</p>
<p id="p0109" num="0109">In FIG. 1, there is illustrated a scenario where the radio station 102a communicates with the radio station 102b via surface waves that propagate close to the ground surface of the Earth, and communicates with the radio station 102c on the other side of the Earth via sky waves that propagate by utilizing refractions from the ionosphere.<ul list-style="none">
<li>FIG. 1 is merely an example, which should not unduly limit the scope of the present disclosure. It is to be understood that the illustration of the network environment 100 is provided as an example and is not limited to a specific number and/or arrangement of radio stations. A person skilled in the art will recognize many variations, alternatives, and modifications of embodiments of the present disclosure.</li>
<!-- EPO <DP n="24"> -->

<li>FIG. 2 is a schematic illustration of an example signal workflow, in accordance with an embodiment of the present disclosure. In FIG. 2, there are shown a mobile station 202, a mobile base station 204 and a mobile base station 206. For illustration purposes only, there will now be considered an example wherein each of the mobile station 202 and the mobile base stations 204 and 206 is installed within a maritime vessel. In the example, a maritime vessel of the mobile station 202 is in a sea, while maritime vessels of the mobile base stations 204 and 206 are in their respective harbours. As a result, the mobile station 202 has no direct access to the Internet 208, while the mobile base stations 204 and 206 have an access to the Internet 208.</li>
</ul></p>
<p id="p0110" num="0110">The example signal workflow corresponds to a situation when the mobile station 202 requires an Internet connection to access a web service available on the Internet 208.</p>
<p id="p0111" num="0111">As described earlier, the mobile station 202 maintains a station map locally, and uses the station map to prioritize available mobile base stations, namely the mobile base stations 204 and 206. In the above example, let us assume that the mobile base station 204 has a higher priority than the mobile base station 206.</p>
<p id="p0112" num="0112">At a step S2.1, the mobile station 202 connects to the mobile base station 204 and transmits a request message for an Internet access. The request message may, for example, include at least one of: a geographical location of the mobile station 202, and/or information related to a radio environment as observed by the mobile station 202, in addition to an identifier of the mobile station 202.</p>
<p id="p0113" num="0113">In the example, let us assume that the mobile base station 204 is unable to provide an Internet access to the mobile station 202. This may, for example, be a case when the mobile base station 204 requires a full bandwidth or if the mobile base station 204 has just lost the Internet connection. Thus, at a step S2.2, the mobile base station 204 transmits a message to the mobile station 202 indicating its inability to provide the Internet access. The message may, for example, include an updated network-access status and other related parameters.</p>
<p id="p0114" num="0114">Next, at a step S2.3, the mobile station 202 connects to the mobile base station 206 and transmits a request message for an Internet access. At a step S2.4, the mobile base station <!-- EPO <DP n="25"> -->
206 connects to the web service available on the Internet 208. Subsequently, at steps S2.5 and S2.6, the mobile base station 206 routes IP traffic from the Internet 208 to the mobile station 202. As a result, the mobile station 202 has an Internet connection, wherein IP packets are routed via the mobile base station 206.</p>
<p id="p0115" num="0115">For illustration purposes only, there will now be considered an example wherein the mobile station 202 has a local email server, and requires an access to an email service on the Internet 208. When a passenger on the maritime vessel sends an email, the email is received and stored at the local email server. When the mobile station 202 connects to an available mobile base station, the local email server of the mobile station 202 sends the email to the available mobile base station, which then relays the email to the email service on the Internet 208.</p>
<p id="p0116" num="0116">Optionally, the local email server is configured to remove unnecessary header information from the email, so as to reduce an amount of data to be transmitted. Additionally, optionally, the mobile base station or the email service on the Internet 208 can be configured to add necessary information back to a header of the email before forwarding it further towards a recipient of the email.<ul list-style="none">
<li>FIG. 2 is merely an example, which should not unduly limit the scope of the present disclosure. A person skilled in the art will recognize many variations, alternatives, and modifications of embodiments of the present disclosure.</li>
<li>FIG. 3 is a schematic illustration of various components in an example implementation of a communication apparatus 300, in accordance with an embodiment of the present disclosure. The communication apparatus 300 includes, but is not limited to, a CPU 302, a memory 304, one or more radio RX/TX modems 306, amplifiers 308 and antennae 310 associated therewith, a cellular modem 312 and an associated antenna 314, and a power source 316. Optionally, the communication apparatus 300 also includes a short-range radio 318 and an associated antenna 320. Moreover, optionally, the communication apparatus 300 includes wired connection means 322.</li>
<li>FIG. 3 is merely an example, which should not unduly limit the scope of the claims herein.</li>
<li>It is to be understood that the specific designation for the communication apparatus 300 <!-- EPO <DP n="26"> -->
is provided as an example and is not to be construed as limiting the communication apparatus 300 to specific numbers, types, or arrangements of modules and/or components of the communication apparatus 300. A person skilled in the art will recognize many variations, alternatives, and modifications of embodiments of the present disclosure.</li>
<li>FIGs. 4A, 4B, 4C and 4D are schematic illustrations of example variations in propagation properties of sky waves. In FIGs. 4A-D, there is shown a mobile station 410, which is installed within a maritime vessel travelling on a northern route. There are also shown mobile base stations 412a, 412b, 412c, 412d and 412e (hereinafter collectively referred to as mobile base stations 412). The mobile base stations 412 are installed within maritime vessels that are located in their respective harbours. In FIGs. 4A-D, there is also shown a limit of usable communication 420. The limit of usable communication 420 defines a region within which radio waves can propagate as sky waves. This region typically lies inside circles or north of a line. In particular, this region lies north of a line shown in FIGs. 4A and 4B, and lies inside circles shown in FIGs. 4C and 4D.</li>
<li>FIGs. 4A and 4B correspond to radio communications occurring via a connection channel of 3.7 MHz using a transmission power of 100 W. Moreover, FIG. 4A corresponds to the radio communications occurring at Coordinated Universal Time (UTC) 00:00 hours, while FIG. 4B corresponds to the radio communications occurring at UTC 12:00 hours.</li>
<li>FIGs. 4C and 4D correspond to radio communications occurring via a connection channel of 28 MHz using a transmission power of 100 W. FIG. 4C corresponds to the radio communications occurring at UTC 00:00 hours, while FIG. 4D corresponds to the radio communications occurring at UTC 12:00 hours. Moreover, FIGs. 4A-D correspond to the radio communications occurring on a same day.</li>
</ul></p>
<p id="p0117" num="0117">It is evident from FIGs. 4A and 4B that, when using the connection channel of 3.7 MHz, the mobile station 410 can communicate with only the mobile base station 412a at UTC 00:00 hours, but can communicate with the mobile base stations 412a and 412b at UTC 12:00 hours. Likewise, it is evident from FIGs. 4C and 4D that, when using the connection channel of 28 MHz, the mobile station 410 cannot communicate with any mobile base station at UTC 00:00 hours, but can communicate with the mobile base stations 412b and 412d at UTC 12:00 hours.</p>
<!-- EPO <DP n="27"> -->
<p id="p0118" num="0118">It is to be appreciated that radio communications via sky waves are dependent on a time of the day, a connection channel used and a location, and may be significantly irregular. Thus, in order to update each other, the mobile station 410 and the mobile base stations 412 broadcast capability announcement messages on a time-basis or on a need-basis, as described earlier.<ul list-style="none">
<li>FIGs. 4A-D are merely examples, which should not unduly limit the scope of the present disclosure. A person skilled in the art will recognize many variations, alternatives, and modifications of embodiments of the present disclosure.</li>
<li>FIG. 5 is an illustration of steps of a method of operating a radio station, in accordance with an embodiment of the present disclosure. The method is depicted as a collection of steps in a logical flow diagram, which represents a sequence of steps that can be implemented in hardware, software, or a combination thereof. At a step 502, the radio station receives one or more capability announcement messages from one or more other radio stations. Optionally, in accordance with the step 502, the radio station listens to a plurality of connection channels concurrently.</li>
</ul></p>
<p id="p0119" num="0119">Next, at a step 504, the radio station analyzes the one or more capability announcement messages to gather communication-capability information indicative of the one or more other radio stations that are available for communication and respective communication capabilities of the one or more other radio stations. Subsequently, at a step 506, the radio station updates a station map, which is maintained locally at the radio station, with the communication-capability information gathered at the step 504. When the radio station requires an access to a communication network, a step 508 is performed. At the step 508, the radio station uses the station map to select a target radio station for accessing the communication network. The steps 502 to 508 are only illustrative and other alternatives can also be provided where one or more steps are added, one or more steps are removed, or one or more steps are provided in a different sequence without departing from the scope of the claims herein.</p>
<p id="p0120" num="0120">Embodiments of the present disclosure are susceptible to being used for various purposes, including, though not limited to, enabling radio stations to flexibly form an ad hoc <!-- EPO <DP n="28"> -->
network that can be used to access a communication network, such as the Internet, for data communication purposes.</p>
<p id="p0121" num="0121">Modifications to embodiments of the present disclosure described in the foregoing are possible without departing from the scope of the present disclosure as defined by the accompanying claims. Expressions such as "including", "comprising", "incorporating", "consisting of', "have", "is" used to describe and claim the present disclosure are intended to be construed in a non-exclusive manner, namely allowing for items, components or elements not explicitly described also to be present. Reference to the singular is also to be construed to relate to the plural.</p>
</description>
</ep-ocr-patent-document>
